# This is a submission template for batch deposit of 'MIGS: virus, built; version 4.0' samples to the NCBI BioSample database (http://www.ncbi.nlm.nih.gov/biosample/).
# See SAMN02412548 for an example record of this type of BioSample (http://www.ncbi.nlm.nih.gov/biosample/SAMN02412548).
# Fields with an asterisk (*) are mandatory. Your submission will fail if any mandatory fields are not completed. If information is unavailable for any mandatory field, please enter 'not collected', 'not applicable' or 'missing' as appropriate.
# All other fields are optional. Leave optional fields empty if no information is available.
# You can add any number of custom fields to fully describe your BioSamples, simply include them in the table.
# CAUTION: Be aware that Excel may automatically apply formatting to your data. In particular, take care with dates, incrementing autofills and special characters like / or -. Doublecheck that your text file is accurate before uploading to BioSample.
# TO MAKE A SUBMISSION:
#     1. Complete the template table (typically in Excel, or another spreadsheet application)
#     2. Save the worksheet as a Text (Tab-delimited) file - use 'File, Save as, Save as type: Text (Tab-delimited)'
#     3. Upload the file on the 'Attributes' tab of the BioSample Submission Portal at https://submit.ncbi.nlm.nih.gov/subs/biosample/.
#     4. If you have any questions, please contact us at biosamplehelp@ncbi.nlm.nih.gov.
*sample_name	sample_title	bioproject_accession	*organism	strain	isolate	*abs_air_humidity	*air_temp	*build_occup_type	*building_setting	*carb_dioxide	*collection_date	*env_biome	*env_feature	*env_material	*filter_type	*geo_loc_name	*heat_cool_type	*indoor_space	*isol_growth_condt	*lat_lon	*light_type	*occup_samp	*occupant_dens_samp	*organism_count	*propagation	*rel_air_humidity	*space_typ_state	*typ_occupant_dens	*ventilation_type	biotic_relationship	dew_point	encoded_traits	estimated_size	health_state	host	host_taxid	indoor_surf	isolation_source	num_replicons	pathogenicity	ref_biomaterial	samp_collect_device	samp_mat_process	samp_size	samp_sort_meth	samp_vol_we_dna_ext	source_material_id	subspecf_gen_lin	substructure_type	surf_air_cont	surf_humidity	surf_material	surf_moisture	surf_moisture_ph	surf_temp	description

